"id";"name";"email";"birthday"
"1";"Kovács János";"janos.kovacs@email.hu";"1985-05-12"
"2";"Nagy Erzsébet";"erzsi.nagy@webmail.hu";"1992-03-24"
"3";"Tóth Gábor";"gabor.toth@provider.com";"1978-11-02"
"4";"Kiss Dóra";"dora.kiss@freemail.hu";"1995-07-15"
"5";"Molnár Péter";"peter.molnar@ceg.hu";"1988-01-30"
"6";"Szabó Anna";"anna.szabo@teszt.hu";"2000-09-10"
"7";"Farkas Balázs";"balazs.farkas@email.hu";"1982-06-21"
"8";"Horváth Katalin";"kati.horvath@iroda.hu";"1991-12-05"
"9";"Varga László";"laszlo.varga@tarsasag.hu";"1975-04-18"
"10";"Mészáros Eszter";"eszter.meszaros@webmail.hu";"1998-08-27"
"11";"Simon Tamás";"tamas.simon@email.hu";"1989-02-11"
"12";"Bakos Zsófia";"zsofia.bakos@freemail.hu";"1994-10-03"
"13";"Balogh Miklós";"miklos.balogh@domain.hu";"1981-05-20"
"14";"Kelemen Rita";"rita.kelemen@teszt.hu";"1990-03-14"
"15";"Papp Attila";"attila.papp@provider.hu";"1972-11-28"
"16";"Fekete Zoltán";"zoltan.fekete@email.hu";"1986-07-07"
"17";"Szalai Júlia";"julia.szalai@webmail.hu";"1997-01-22"
"18";"Takács Gerg"o";"gergo.takacs@ceg.hu";"1984-09-30"
"19";"Juhász Emese";"emese.juhasz@iroda.hu";"1993-06-16"
"20";"Németh András";"andras.nemeth@tarsasag.hu";"1980-12-12"
